Sequence,"Parameter, kcal/mol"
"Gotoh
 (ref.  7 )",Vologodskii (ref.  10 ),Breslauer (ref.  12 ),"Blake (ref.
  17 )",Benight (ref.  18 ),SantaLucia (ref.  20 ),"Sugimoto (ref.
  21 )","Unified (ref.
  22 )"
AA/TT,−0.43,−0.89,(−1.66),−0.67,−0.93,−1.02,−1.20,−1.00
AT/TA,−0.27,−0.81,−1.19,−0.62,−0.83,−0.73,−0.90,−0.88
TA/AT,−0.22,−0.76,−0.76,−0.70,−0.70,−0.60,−0.90,−0.58
CA/GT,−0.97,−1.37,−1.80,−1.19,−1.26,−1.38,−1.70,−1.45
GT/CA,−0.98,−1.35,−1.13,−1.28,−1.52,−1.43,−1.50,−1.44
CT/GA,−0.83,−1.16,−1.35,−1.17,−1.03,−1.16,−1.50,−1.28
GA/CT,−0.93,−1.25,−1.41,−1.12,−1.56,−1.46,−1.50,−1.30
CG/GC,−1.70,−1.99,(−3.28),−1.87,(−1.65),−2.09,(−2.80),−2.17
GC/CG,−1.64,−1.96,(−2.82),−1.85,−2.44,−2.28,−2.30,−2.24
GG/CC,−1.22,−1.64,(−2.75),−1.55,−1.67,−1.77,−2.10,−1.84
Average,−0.92,−1.32,−1.82,−1.20,−1.36,−1.39,−1.64,−1.42
"Init. w/term.
 G·C *",NA,NA,(+2.60),NA,NA,0.91,(+1.70),0.98
"Init.
 w/term.
 A·T *",NA,NA,(+2.60),NA,NA,1.11 †,(+1.70),1.03
"Sodium
 concentration,
 M",0.0195,0.195,1.0,0.075,0.115,1.0,1.0,1.0
"Rank
 of stacking matrix",8,8,11,8,9,10,11,12
