half,base5,base3_or_lna,ddH_kcal,ddS_cal,ddG37_kcal
XLN,A,A,0.707,2.477,-0.092
XLN,A,C,1.131,4.064,-0.122
XLN,A,G,0.264,2.613,-0.561
XLN,A,T,2.282,7.457,-0.007
XLN,C,A,1.049,4.320,-0.270
XLN,C,C,2.096,7.996,-0.457
XLN,C,G,0.785,3.709,-0.332
XLN,C,T,0.708,4.175,-0.666
XLN,G,A,3.162,10.544,-0.072
XLN,G,C,-0.360,-0.251,-0.414
XLN,G,G,-2.844,-6.680,-0.700
XLN,G,T,-0.212,0.073,-0.194
XLN,T,A,-0.046,1.562,-0.563
XLN,T,C,1.893,6.685,-0.208
XLN,T,G,-1.540,-3.044,-0.548
XLN,T,T,1.528,5.298,-0.130
MXL,A,A,0.992,4.065,-0.396
MXL,A,C,2.890,10.576,-0.390
MXL,A,G,-1.200,-1.826,-0.603
MXL,A,T,1.816,6.863,-0.309
MXL,C,A,1.358,4.367,0.046
MXL,C,C,2.063,7.565,-0.404
MXL,C,G,-0.276,-0.718,-0.003
MXL,C,T,-1.671,-4.070,-0.409
MXL,G,A,0.444,2.898,-0.437
MXL,G,C,-0.925,-1.111,-0.535
MXL,G,G,-0.943,-0.933,-0.666
MXL,G,T,-0.635,-0.342,-0.520
MXL,T,A,1.591,5.281,0.004
MXL,T,C,0.609,3.169,-0.396
MXL,T,G,2.165,7.163,-0.106
MXL,T,T,2.326,8.051,-0.212
