nn_step_top_bottom,dH_kcal_per_mol,dS_cal_per_molK,source
AA/TA,-3.1,-7.8,SantaLucia and Hicks 2004
TA/AA,-2.5,-6.3,SantaLucia and Hicks 2004
CA/GA,-4.3,-10.7,SantaLucia and Hicks 2004
GA/CA,-8.0,-22.5,SantaLucia and Hicks 2004
AC/TC,-0.1,0.5,SantaLucia and Hicks 2004
TC/AC,-0.7,-1.3,SantaLucia and Hicks 2004
CC/GC,-2.1,-5.1,SantaLucia and Hicks 2004
GC/CC,-3.9,-10.6,SantaLucia and Hicks 2004
AG/TG,-1.1,-2.1,SantaLucia and Hicks 2004
TG/AG,-1.1,-2.7,SantaLucia and Hicks 2004
CG/GG,-3.8,-9.5,SantaLucia and Hicks 2004
GG/CG,-0.7,-19.2,SantaLucia and Hicks 2004
AT/TT,-2.4,-6.5,SantaLucia and Hicks 2004
TT/AT,-3.2,-8.9,SantaLucia and Hicks 2004
CT/GT,-6.1,-16.9,SantaLucia and Hicks 2004
GT/CT,-7.4,-21.2,SantaLucia and Hicks 2004
AA/TC,-1.6,-4.0,SantaLucia and Hicks 2004
AC/TA,-1.8,-3.8,SantaLucia and Hicks 2004
CA/GC,-2.6,-5.9,SantaLucia and Hicks 2004
CC/GA,-2.7,-6.0,SantaLucia and Hicks 2004
GA/CC,-5.0,-13.8,SantaLucia and Hicks 2004
GC/CA,-3.2,-7.1,SantaLucia and Hicks 2004
TA/AC,-2.3,-5.9,SantaLucia and Hicks 2004
TC/AA,-2.7,-7.0,SantaLucia and Hicks 2004
AC/TT,-0.9,-1.7,SantaLucia and Hicks 2004
AT/TC,-2.3,-6.3,SantaLucia and Hicks 2004
CC/GT,-3.2,-8.0,SantaLucia and Hicks 2004
CT/GC,-3.9,-10.6,SantaLucia and Hicks 2004
GC/CT,-4.9,-13.5,SantaLucia and Hicks 2004
GT/CC,-3.0,-7.8,SantaLucia and Hicks 2004
TC/AT,-2.5,-6.3,SantaLucia and Hicks 2004
TT/AC,-0.7,-1.2,SantaLucia and Hicks 2004
AA/TG,-1.9,-4.4,SantaLucia and Hicks 2004
AG/TA,-2.5,-5.9,SantaLucia and Hicks 2004
CA/GG,-3.9,-9.6,SantaLucia and Hicks 2004
CG/GA,-6.0,-15.5,SantaLucia and Hicks 2004
GA/CG,-4.3,-11.1,SantaLucia and Hicks 2004
GG/CA,-4.6,-11.4,SantaLucia and Hicks 2004
TA/AG,-2.0,-4.7,SantaLucia and Hicks 2004
TG/AA,-2.4,-5.8,SantaLucia and Hicks 2004
AG/TT,-3.2,-8.7,SantaLucia and Hicks 2004
AT/TG,-3.5,-9.4,SantaLucia and Hicks 2004
CG/GT,-3.8,-9.0,SantaLucia and Hicks 2004
CT/GG,-6.6,-18.7,SantaLucia and Hicks 2004
GG/CT,-5.7,-15.9,SantaLucia and Hicks 2004
GT/CG,-5.9,-16.1,SantaLucia and Hicks 2004
TG/AT,-3.9,-10.5,SantaLucia and Hicks 2004
TT/AG,-3.6,-9.8,SantaLucia and Hicks 2004
